Limit 1 b KM,Limit 1 b KMD,Limit 1 b distances,,Limit 1 y KM,Limit 1 y KMD,Limit 1 y distances,,Limit 2 b KM,Limit 2 b KMD,Limit 2 b distances,,Limit 2 y KM,Limit 2 y KMD,Limit 2 y distances
406.9319,0.0681,0.0009,,147.0626,-0.0626,0,,406.9319,0.0681,0.0009,,147.0626,-0.0626,0
406.931,0.069,0,,164.089,-0.089,0.0241,,406.931,0.069,0,,173.0141,-0.0141,0.0514
416.8759,0.1241,0.0559,,168.0643,-0.0643,0.001,,416.8759,0.1241,0.0559,,164.089,-0.089,0.0241
407.9458,0.0542,0.0146,,176.0806,-0.0806,0.0142,,407.9458,0.0542,0.0146,,160.123,-0.123,0.0583
420.9682,0.0318,0.0351,,222.1061,-0.1061,0.0337,,420.9682,0.0318,0.0351,,168.0643,-0.0643,0.001
424.9375,0.0625,0.0041,,227.0812,-0.0812,0.0083,,424.9375,0.0625,0.0041,,181.9898,0.0102,0.0766
427.9805,0.0195,0.0463,,234.0506,-0.0506,0.0229,,427.9805,0.0195,0.0463,,163.1403,-0.1403,0.075
449.9691,0.0309,0.0321,,244.0825,-0.0825,0.0075,,449.9691,0.0309,0.0321,,176.0806,-0.0806,0.0142
461.9846,0.0154,0.0459,,244.0822,-0.0822,0.0072,,461.9846,0.0154,0.0459,,183.1185,-0.1185,0.0509
466.9961,0.0039,0.0567,,256.0904,-0.0904,0.0138,,466.9961,0.0039,0.0567,,231.9918,0.0082,0.0809
480.9557,0.0443,0.0148,,262.0884,-0.0884,0.011,,472.0109,-0.0109,0.0707,,222.1061,-0.1061,0.0337
477.994,0.006,0.0532,,272.0688,-0.0688,0.0096,,480.9557,0.0443,0.0148,,227.0812,-0.0812,0.0083
493.9631,0.0369,0.0204,,280.0794,-0.0794,0.0002,,477.994,0.006,0.0532,,234.0506,-0.0506,0.0229
498.9544,0.0456,0.0111,,279.0955,-0.0955,0.016,,493.9631,0.0369,0.0204,,237.1112,-0.1112,0.0368
503.9509,0.0491,0.0071,,288.0826,-0.0826,0.002,,498.9544,0.0456,0.0111,,244.0825,-0.0825,0.0075
503.9506,0.0494,0.0067,,290.0764,-0.0764,0.0044,,503.9509,0.0491,0.0071,,244.0822,-0.0822,0.0072
513.9937,0.0063,0.0482,,298.115,-0.115,0.0328,,503.9506,0.0494,0.0067,,255.0218,-0.0218,0.0542
521.9638,0.0362,0.0175,,308.0907,-0.0907,0.0075,,513.9937,0.0063,0.0482,,256.0904,-0.0904,0.0138
530.8951,0.1049,0.0518,,310.0935,-0.0935,0.01,,521.9638,0.0362,0.0175,,262.0884,-0.0884,0.011
524.9968,0.0032,0.0498,,343.1168,-0.1168,0.0289,,530.8951,0.1049,0.0518,,272.0688,-0.0688,0.0096
544.8965,0.1035,0.0523,,343.1191,-0.1191,0.0312,,524.9968,0.0032,0.0498,,280.0794,-0.0794,0.0002
547.8886,0.1114,0.0604,,361.1223,-0.1223,0.0321,,544.8965,0.1035,0.0523,,279.0955,-0.0955,0.016
552.9174,0.0826,0.0326,,371.1051,-0.1051,0.0138,,547.8886,0.1114,0.0604,,288.0826,-0.0826,0.002
552.9916,0.0084,0.041,,380.1079,-0.1079,0.0155,,552.9174,0.0826,0.0326,,290.0764,-0.0764,0.0044
553.992,0.008,0.0412,,389.1065,-0.1065,0.0129,,552.9916,0.0084,0.041,,298.115,-0.115,0.0328
560.9383,0.0617,0.0129,,388.1179,-0.1179,0.0243,,553.992,0.008,0.0412,,299.1348,-0.1348,0.0524
578.9704,0.0296,0.0166,,397.0603,-0.0603,0.034,,560.9383,0.0617,0.0129,,308.0907,-0.0907,0.0075
582.9934,0.0066,0.0388,,408.065,-0.065,0.0307,,578.9704,0.0296,0.0166,,310.0935,-0.0935,0.01
598.8988,0.1012,0.057,,406.1159,-0.1159,0.02,,582.9934,0.0066,0.0388,,312.1505,-0.1505,0.0662
595.9431,0.0569,0.0127,,407.1137,-0.1137,0.0178,,598.8988,0.1012,0.057,,321.1604,-0.1604,0.0749
591.9949,0.0051,0.0391,,415.1156,-0.1156,0.0186,,595.9431,0.0569,0.0127,,343.1168,-0.1168,0.0289
606.9249,0.0751,0.0322,,424.1093,-0.1093,0.0112,,591.9949,0.0051,0.0391,,343.1191,-0.1191,0.0312
606.9246,0.0754,0.0325,,428.0878,-0.0878,0.0107,,606.9249,0.0751,0.0322,,361.1223,-0.1223,0.0321
611.0181,-0.0181,0.0596,,433.1197,-0.1197,0.0204,,606.9246,0.0754,0.0325,,371.1051,-0.1051,0.0138
619.9868,0.0132,0.0275,,465.0783,-0.0783,0.0247,,611.0181,-0.0181,0.0596,,380.1079,-0.1079,0.0155
649.9295,0.0705,0.0333,,466.0771,-0.0771,0.0261,,619.9868,0.0132,0.0275,,379.1267,-0.1267,0.0342
647.9796,0.0204,0.0166,,471.0771,-0.0771,0.0267,,649.9295,0.0705,0.0333,,389.1065,-0.1065,0.0129
655.948,0.052,0.0157,,489.1112,-0.1112,0.0049,,647.9796,0.0204,0.0166,,388.1179,-0.1179,0.0243
677.9879,0.0121,0.0209,,506.1244,-0.1244,0.0158,,655.948,0.052,0.0157,,397.0603,-0.0603,0.034
698.9544,0.0456,0.015,,506.1261,-0.1261,0.0175,,677.9879,0.0121,0.0209,,408.065,-0.065,0.0307
731.9734,0.0266,0.0005,,518.1111,-0.1111,0.0011,,698.9544,0.0456,0.015,,406.1159,-0.1159,0.02
742.0287,-0.0287,0.053,,524.129,-0.129,0.018,,694.0462,-0.0462,0.0767,,407.1137,-0.1137,0.0178
753.9428,0.0572,0.0337,,534.1093,-0.1093,0.0027,,731.9734,0.0266,0.0005,,402.1547,-0.1547,0.0591
753.9475,0.0525,0.0291,,542.133,-0.133,0.0198,,742.0287,-0.0287,0.053,,415.1156,-0.1156,0.0186
757.0099,-0.0099,0.0324,,552.1163,-0.1163,0.0019,,753.9428,0.0572,0.0337,,424.1093,-0.1093,0.0112
771.9501,0.0499,0.0288,,550.1359,-0.1359,0.0216,,753.9475,0.0525,0.0291,,428.0878,-0.0878,0.0107
791.0348,-0.0348,0.0526,,568.1317,-0.1317,0.0152,,748.0409,-0.0409,0.0643,,433.1197,-0.1197,0.0204
840.9451,0.0549,0.0428,,601.1392,-0.1392,0.0184,,757.0099,-0.0099,0.0324,,465.0783,-0.0783,0.0247
840.9472,0.0528,0.0407,,607.1376,-0.1376,0.0161,,760.0402,-0.0402,0.062,,466.0771,-0.0771,0.0261
841.972,0.028,0.0163,,607.1401,-0.1401,0.0186,,771.9501,0.0499,0.0288,,471.0771,-0.0771,0.0267
858.9551,0.0449,0.0353,,625.1419,-0.1419,0.018,,791.0348,-0.0348,0.0526,,484.1471,-0.1471,0.0411
849.0316,-0.0316,0.0418,,647.1028,-0.1028,0.0236,,820.9178,0.0822,0.0673,,489.1112,-0.1112,0.0049
863.0304,-0.0304,0.0388,,652.1309,-0.1309,0.0038,,840.9451,0.0549,0.0428,,500.051,-0.051,0.0563
883.0294,-0.0294,0.0352,,666.116,-0.116,0.0129,,840.9472,0.0528,0.0407,,513.033,-0.033,0.0757
889.9974,0.0026,0.0026,,673.1103,-0.1103,0.0194,,841.972,0.028,0.0163,,506.1244,-0.1244,0.0158
911.958,0.042,0.0394,,668.1531,-0.1531,0.0237,,858.9551,0.0449,0.0353,,506.1261,-0.1261,0.0175
911.9606,0.0394,0.0368,,689.1484,-0.1484,0.0164,,849.0316,-0.0316,0.0418,,518.1111,-0.1111,0.0011
920.0308,-0.0308,0.0318,,701.1152,-0.1152,0.0181,,846.0597,-0.0597,0.0701,,524.129,-0.129,0.018
929.968,0.032,0.0317,,714.1678,-0.1678,0.0325,,877.9138,0.0862,0.0787,,534.1093,-0.1093,0.0027
933.021,-0.021,0.0204,,717.166,-0.166,0.0303,,863.0304,-0.0304,0.0388,,527.1767,-0.1767,0.065
931.0498,-0.0498,0.0491,,736.1361,-0.1361,0.0017,,883.0294,-0.0294,0.0352,,542.133,-0.133,0.0198
938.0479,-0.0479,0.0463,,736.1392,-0.1392,0.0014,,889.9974,0.0026,0.0026,,552.1163,-0.1163,0.0019
984.0273,-0.0273,0.0199,,741.1091,-0.1091,0.0291,,911.958,0.042,0.0394,,560.0571,-0.0571,0.0578
987.0632,-0.0632,0.0552,,748.1698,-0.1698,0.0302,,911.9606,0.0394,0.0368,,550.1359,-0.1359,0.0216
997.0285,-0.0285,0.0194,,754.139,-0.139,0.0012,,920.0308,-0.0308,0.0318,,561.0726,-0.0726,0.0425
1003.0338,-0.0338,0.0239,,811.1587,-0.1587,0.0112,,929.968,0.032,0.0317,,561.1696,-0.1696,0.0537
1011.009,-0.009,0.0018,,824.1472,-0.1472,0.0019,,933.021,-0.021,0.0204,,568.1317,-0.1317,0.0152
1012.0705,-0.0705,0.0591,,851.1238,-0.1238,0.0285,,931.0498,-0.0498,0.0491,,588.042,-0.042,0.0763
1025.0034,-0.0034,0.0091,,851.1297,-0.1297,0.0227,,938.0479,-0.0479,0.0463,,583.1586,-0.1586,0.0399
1025.0063,-0.0063,0.0063,,864.153,-0.153,0.0012,,984.0273,-0.0273,0.0199,,585.168,-0.168,0.049
1029.0539,-0.0539,0.0404,,869.1446,-0.1446,0.0102,,987.0632,-0.0632,0.0552,,601.1392,-0.1392,0.0184
1043.0113,-0.0113,0.0036,,887.1526,-0.1526,0.0046,,997.0285,-0.0285,0.0194,,608.0854,-0.0854,0.0358
1047.9908,0.0092,0.0246,,926.1686,-0.1686,0.0064,,1003.0338,-0.0338,0.0239,,607.1376,-0.1376,0.0161
1061.0204,-0.0204,0.003,,932.1657,-0.1657,0.0027,,1011.009,-0.009,0.0018,,607.1401,-0.1401,0.0186
1066.0011,-0.0011,0.0167,,943.1602,-0.1602,0.0041,,1012.0705,-0.0705,0.0591,,625.1419,-0.1419,0.018
1062.0464,-0.0464,0.0287,,942.1787,-0.1787,0.0143,,1025.0034,-0.0034,0.0091,,647.1028,-0.1028,0.0236
1069.0178,-0.0178,0.0006,,948.1434,-0.1434,0.0214,,1025.0063,-0.0063,0.0063,,652.1309,-0.1309,0.0038
1070.0622,-0.0622,0.0432,,948.1457,-0.1457,0.0191,,1029.0539,-0.0539,0.0404,,665.0845,-0.0845,0.0439
1084.0125,-0.0125,0.0078,,960.1656,-0.1656,0.0009,,1043.0113,-0.0113,0.0036,,668.0667,-0.0667,0.062
1086.0117,-0.0117,0.0089,,961.1612,-0.1612,0.0054,,1047.9908,0.0092,0.0246,,666.116,-0.116,0.0129
1101.0243,-0.0243,0.0016,,959.1873,-0.1873,0.0207,,1046.0805,-0.0805,0.0645,,673.1103,-0.1103,0.0194
1097.0659,-0.0659,0.0434,,966.1506,-0.1506,0.0166,,1061.0204,-0.0204,0.003,,668.1531,-0.1531,0.0237
1104.046,-0.046,0.0227,,972.1477,-0.1477,0.0202,,1066.0011,-0.0011,0.0167,,689.1484,-0.1484,0.0164
1110.0345,-0.0345,0.0106,,976.1336,-0.1336,0.0347,,1062.0464,-0.0464,0.0287,,691.1735,-0.1735,0.041
1116.0354,-0.0354,0.0107,,981.1525,-0.1525,0.0166,,1069.0178,-0.0178,0.0006,,701.1152,-0.1152,0.0181
1114.0679,-0.0679,0.0431,,984.1585,-0.1585,0.011,,1070.0622,-0.0622,0.0432,,698.2051,-0.2051,0.0715
1118.0709,-0.0709,0.0456,,985.2024,-0.2024,0.0324,,1084.0125,-0.0125,0.0078,,714.1678,-0.1678,0.0325
1126.0187,-0.0187,0.0072,,992.1564,-0.1564,0.0141,,1086.0117,-0.0117,0.0089,,717.166,-0.166,0.0303
1126.0166,-0.0166,0.0093,,994.1397,-0.1397,0.0309,,1101.0243,-0.0243,0.0016,,719.2162,-0.2162,0.0799
1132.0876,-0.0876,0.0604,,1000.155,-0.155,0.0165,,1097.0659,-0.0659,0.0434,,736.1361,-0.1361,0.0017
1144.0269,-0.0269,0.0014,,1005.1497,-0.1497,0.0224,,1104.046,-0.046,0.0227,,736.1392,-0.1392,0.0014
1150.0381,-0.0381,0.0089,,1004.1965,-0.1965,0.0241,,1110.0345,-0.0345,0.0106,,741.1091,-0.1091,0.0291
1153.0302,-0.0302,0.0006,,1011.1441,-0.1441,0.0287,,1116.0354,-0.0354,0.0107,,749.0621,-0.0621,0.0768
1155.0379,-0.0379,0.008,,1030.1469,-0.1469,0.0283,,1114.0679,-0.0679,0.0431,,748.1698,-0.1698,0.0302
1163.9898,0.0102,0.0409,,1025.1898,-0.1898,0.0149,,1118.0709,-0.0709,0.0456,,754.139,-0.139,0.0012
1159.0424,-0.0424,0.012,,1027.1793,-0.1793,0.0042,,1126.0187,-0.0187,0.0072,,756.2079,-0.2079,0.0669
1156.0779,-0.0779,0.0475,,1028.1847,-0.1847,0.0094,,1126.0166,-0.0166,0.0093,,791.2241,-0.2241,0.0786
1171.0251,-0.0251,0.0067,,1035.1476,-0.1476,0.0283,,1132.0876,-0.0876,0.0604,,809.0987,-0.0987,0.0481
1173.04,-0.04,0.0078,,1043.1537,-0.1537,0.0233,,1144.0269,-0.0269,0.0014,,811.1587,-0.1587,0.0112
1180.0264,-0.0264,0.0066,,1044.1771,-0.1771,0.0001,,1150.0381,-0.0381,0.0089,,824.1472,-0.1472,0.0019
1181.0326,-0.0326,0.0006,,1049.1566,-0.1566,0.0211,,1153.0302,-0.0302,0.0006,,851.1238,-0.1238,0.0285
1182.0233,-0.0233,0.0099,,1049.1596,-0.1596,0.0181,,1155.0379,-0.0379,0.008,,851.1297,-0.1297,0.0227
1184.0397,-0.0397,0.006,,1055.157,-0.157,0.0215,,1163.9898,0.0102,0.0409,,864.153,-0.153,0.0012
1190.0352,-0.0352,0.0008,,1063.1477,-0.1477,0.0318,,1159.0424,-0.0424,0.012,,869.1446,-0.1446,0.0102
1185.0832,-0.0832,0.049,,1067.1649,-0.1649,0.0152,,1156.0779,-0.0779,0.0475,,879.0969,-0.0969,0.0588
1190.0798,-0.0798,0.045,,1073.1493,-0.1493,0.0314,,1178.9482,0.0518,0.0841,,887.1526,-0.1526,0.0046
1198.0211,-0.0211,0.0143,,1078.2053,-0.2053,0.0235,,1171.0251,-0.0251,0.0067,,905.2099,-0.2099,0.05
1199.021,-0.021,0.0144,,1107.1868,-0.1868,0.0015,,1173.04,-0.04,0.0078,,931.119,-0.119,0.0434
1201.0574,-0.0574,0.0214,,1114.1994,-0.1994,0.0131,,1180.0264,-0.0264,0.0066,,926.1686,-0.1686,0.0064
1205.0768,-0.0768,0.04,,1122.1696,-0.1696,0.0175,,1181.0326,-0.0326,0.0006,,932.1657,-0.1657,0.0027
1215.0233,-0.0233,0.0143,,1143.1725,-0.1725,0.0173,,1182.0233,-0.0233,0.0099,,943.1602,-0.1602,0.0041
1209.0718,-0.0718,0.0346,,1145.1783,-0.1783,0.0117,,1184.0397,-0.0397,0.006,,942.1787,-0.1787,0.0143
1217.0234,-0.0234,0.0145,,1142.2091,-0.2091,0.0192,,1190.0352,-0.0352,0.0008,,948.1434,-0.1434,0.0214
1213.0597,-0.0597,0.022,,1151.2133,-0.2133,0.0221,,1185.0832,-0.0832,0.049,,948.1457,-0.1457,0.0191
1216.0376,-0.0376,0.0002,,1158.2072,-0.2072,0.0152,,1184.0992,-0.0992,0.065,,960.1656,-0.1656,0.0009
1220.0353,-0.0353,0.003,,1162.2021,-0.2021,0.0096,,1190.0798,-0.0798,0.045,,961.1612,-0.1612,0.0054
1226.0105,-0.0105,0.0284,,1162.2047,-0.2047,0.0123,,1198.0211,-0.0211,0.0143,,959.1873,-0.1873,0.0207
1223.0362,-0.0362,0.0025,,1163.2043,-0.2043,0.0118,,1199.021,-0.021,0.0144,,966.1506,-0.1506,0.0166
1223.0401,-0.0401,0.0014,,1181.1849,-0.1849,0.0098,,1201.0574,-0.0574,0.0214,,972.1477,-0.1477,0.0202
1225.0347,-0.0347,0.0043,,1180.2093,-0.2093,0.0145,,1205.0768,-0.0768,0.04,,976.1336,-0.1336,0.0347
1231.0158,-0.0158,0.0239,,1190.1906,-0.1906,0.0053,,1215.0233,-0.0233,0.0143,,982.1016,-0.1016,0.0671
1229.0495,-0.0495,0.0098,,1192.2092,-0.2092,0.0129,,1209.0718,-0.0718,0.0346,,981.1525,-0.1525,0.0166
1241.9995,0.0005,0.0415,,1197.224,-0.224,0.027,,1217.0234,-0.0234,0.0145,,984.1585,-0.1585,0.011
1239.0573,-0.0573,0.0162,,1198.2162,-0.2162,0.0191,,1213.0597,-0.0597,0.022,,985.2024,-0.2024,0.0324
1241.0488,-0.0488,0.0076,,1204.2057,-0.2057,0.0079,,1216.0376,-0.0376,0.0002,,992.1564,-0.1564,0.0141
1244.0331,-0.0331,0.0084,,1208.1954,-0.1954,0.0028,,1220.0353,-0.0353,0.003,,994.1397,-0.1397,0.0309
1254.0608,-0.0608,0.0178,,1216.2027,-0.2027,0.0034,,1226.0105,-0.0105,0.0284,,1000.155,-0.155,0.0165
1260.0606,-0.0606,0.0168,,1220.1894,-0.1894,0.0102,,1223.0362,-0.0362,0.0025,,1005.1497,-0.1497,0.0224
1263.0601,-0.0601,0.0159,,1225.1715,-0.1715,0.0287,,1223.0401,-0.0401,0.0014,,1010.1378,-0.1378,0.0349
1269.0296,-0.0296,0.0151,,1226.1987,-0.1987,0.0019,,1225.0347,-0.0347,0.0043,,1012.1269,-0.1269,0.0459
1268.0814,-0.0814,0.0363,,1225.2152,-0.2152,0.0147,,1231.0158,-0.0158,0.0239,,1001.2128,-0.2128,0.0407
1274.0566,-0.0566,0.011,,1229.2054,-0.2054,0.0045,,1229.0495,-0.0495,0.0098,,1004.1965,-0.1965,0.0241
1272.0724,-0.0724,0.0269,,1233.2149,-0.2149,0.0134,,1241.9995,0.0005,0.0415,,1011.1441,-0.1441,0.0287
1276.0517,-0.0517,0.0059,,1233.2183,-0.2183,0.0167,,1239.0573,-0.0573,0.0162,,1015.1123,-0.1123,0.0608
1274.1066,-0.1066,0.0606,,1234.2135,-0.2135,0.0118,,1241.0488,-0.0488,0.0076,,997.2565,-0.2565,0.0845
1287.028,-0.028,0.0191,,1236.2006,-0.2006,0.0012,,1244.0331,-0.0331,0.0084,,1000.2446,-0.2446,0.0724
1293.024,-0.024,0.0238,,1239.2274,-0.2274,0.025,,1246.1052,-0.1052,0.0628,,1030.1469,-0.1469,0.0283
1286.0843,-0.0843,0.0369,,1244.2265,-0.2265,0.0234,,1254.0608,-0.0608,0.0178,,1025.1898,-0.1898,0.0149
1299.0397,-0.0397,0.009,,1247.2276,-0.2276,0.0242,,1260.0606,-0.0606,0.0168,,1027.1793,-0.1793,0.0042
1296.0647,-0.0647,0.0161,,1251.2225,-0.2225,0.0187,,1263.0601,-0.0601,0.0159,,1028.1847,-0.1847,0.0094
1301.0569,-0.0569,0.0077,,1252.2368,-0.2368,0.0326,,1269.0296,-0.0296,0.0151,,1035.1476,-0.1476,0.0283
1304.0929,-0.0929,0.043,,1257.2062,-0.2062,0.0017,,1268.0814,-0.0814,0.0363,,1029.2454,-0.2454,0.0695
1309.0969,-0.0969,0.0463,,1261.2047,-0.2047,0.0003,,1274.0566,-0.0566,0.011,,1043.1537,-0.1537,0.0233
1314.0619,-0.0619,0.0111,,1263.2199,-0.2199,0.0145,,1272.0724,-0.0724,0.0269,,1039.2159,-0.2159,0.039
1316.0489,-0.0489,0.0022,,1269.2243,-0.2243,0.0182,,1276.0517,-0.0517,0.0059,,1044.1771,-0.1771,0.0001
1327.0204,-0.0204,0.0318,,1275.1956,-0.1956,0.0111,,1274.1066,-0.1066,0.0606,,1037.2471,-0.2471,0.0701
1318.0913,-0.0913,0.0396,,1279.2073,-0.2073,0,,1287.028,-0.028,0.0191,,1049.1566,-0.1566,0.0211
1326.0792,-0.0792,0.0266,,1278.2199,-0.2199,0.0126,,1293.024,-0.024,0.0238,,1049.1596,-0.1596,0.0181
1332.0372,-0.0372,0.0158,,1285.1773,-0.1773,0.0306,,1286.0843,-0.0843,0.0369,,1055.157,-0.157,0.0215
1338.0239,-0.0239,0.0298,,1280.2327,-0.2327,0.025,,1299.0397,-0.0397,0.009,,1063.1477,-0.1477,0.0318
1338.0264,-0.0264,0.0273,,1295.2046,-0.2046,0.0047,,1296.0647,-0.0647,0.0161,,1071.1233,-0.1233,0.0569
1330.0914,-0.0914,0.0381,,1292.2403,-0.2403,0.0311,,1301.0569,-0.0569,0.0077,,1067.1649,-0.1649,0.0152
1334.1048,-0.1048,0.0509,,1296.2343,-0.2343,0.0246,,1312.9668,0.0332,0.0832,,1072.1376,-0.1376,0.0429
1340.0793,-0.0793,0.0248,,1302.2043,-0.2043,0.0059,,1304.0929,-0.0929,0.043,,1073.1493,-0.1493,0.0314
1344.0777,-0.0777,0.0227,,1312.22,-0.22,0.0084,,1309.0969,-0.0969,0.0463,,1062.2477,-0.2477,0.0676
1356.0297,-0.0297,0.0264,,1313.2461,-0.2461,0.0342,,1314.0619,-0.0619,0.0111,,1077.1458,-0.1458,0.0354
1354.0749,-0.0749,0.0187,,1316.224,-0.224,0.0119,,1316.0489,-0.0489,0.0022,,1082.1286,-0.1286,0.0531
1365.0082,-0.0082,0.0489,,1320.2172,-0.2172,0.0046,,1327.0204,-0.0204,0.0318,,1078.2053,-0.2053,0.0235
1357.0866,-0.0866,0.0299,,1320.2203,-0.2203,0.0077,,1318.0913,-0.0913,0.0396,,1080.2219,-0.2219,0.0397
1356.1069,-0.1069,0.0501,,1322.2094,-0.2094,0.0034,,1326.0792,-0.0792,0.0266,,1107.1868,-0.1868,0.0015
1359.0893,-0.0893,0.0323,,1328.1823,-0.1823,0.031,,1332.0372,-0.0372,0.0158,,1116.1273,-0.1273,0.0587
1372.0113,-0.0113,0.0467,,1329.1815,-0.1815,0.032,,1338.0239,-0.0239,0.0298,,1119.111,-0.111,0.0752
1374.041,-0.041,0.0176,,1326.2299,-0.2299,0.0165,,1338.0264,-0.0264,0.0273,,1102.2463,-0.2463,0.0611
1367.1107,-0.1107,0.0524,,1338.2244,-0.2244,0.0095,,1330.0914,-0.0914,0.0381,,1114.1994,-0.1994,0.0131
1369.0942,-0.0942,0.0358,,1337.2348,-0.2348,0.0199,,1334.1048,-0.1048,0.0509,,1122.1696,-0.1696,0.0175
1372.0753,-0.0753,0.0167,,1343.1991,-0.1991,0.0163,,1340.0793,-0.0793,0.0248,,1115.2538,-0.2538,0.0669
1378.0478,-0.0478,0.0114,,1348.2052,-0.2052,0.0109,,1344.0777,-0.0777,0.0227,,1134.1441,-0.1441,0.0443
1375.0958,-0.0958,0.0366,,1354.1999,-0.1999,0.0168,,1356.0297,-0.0297,0.0264,,1143.1725,-0.1725,0.0173
1382.0469,-0.0469,0.0128,,1362.2313,-0.2313,0.0133,,1354.0749,-0.0749,0.0187,,1145.1783,-0.1783,0.0117
1385.0484,-0.0484,0.0117,,1366.21,-0.21,0.0084,,1365.0082,-0.0082,0.0489,,1142.2091,-0.2091,0.0192
1387.0979,-0.0979,0.0371,,1365.2249,-0.2249,0.0065,,1357.0866,-0.0866,0.0299,,1137.2599,-0.2599,0.0702
1385.1174,-0.1174,0.0567,,1372.1896,-0.1896,0.0294,,1356.1069,-0.1069,0.0501,,1151.2133,-0.2133,0.0221
1390.0835,-0.0835,0.0224,,1373.221,-0.221,0.0016,,1359.0893,-0.0893,0.0323,,1164.1474,-0.1474,0.0449
1397.0785,-0.0785,0.0166,,1387.1875,-0.1875,0.0334,,1372.0113,-0.0113,0.0467,,1158.2072,-0.2072,0.0152
1395.1006,-0.1006,0.0387,,1383.2338,-0.2338,0.0131,,1361.1379,-0.1379,0.0802,,1162.2021,-0.2021,0.0096
1393.1214,-0.1214,0.0597,,1382.2459,-0.2459,0.0252,,1374.041,-0.041,0.0176,,1162.2047,-0.2047,0.0123
1411.037,-0.037,0.0264,,1389.2194,-0.2194,0.002,,1367.1107,-0.1107,0.0524,,1163.2043,-0.2043,0.0118
1408.0899,-0.0899,0.0264,,1388.2298,-0.2298,0.0084,,1369.0942,-0.0942,0.0358,,1172.2324,-0.2324,0.0384
1409.0841,-0.0841,0.0206,,1398.1924,-0.1924,0.0299,,1372.0753,-0.0753,0.0167,,1181.1849,-0.1849,0.0098
1416.0708,-0.0708,0.0065,,1405.1956,-0.1956,0.0276,,1378.0478,-0.0478,0.0114,,1173.2551,-0.2551,0.0608
1413.0977,-0.0977,0.0336,,1403.2157,-0.2157,0.0074,,1371.1213,-0.1213,0.0624,,1180.2093,-0.2093,0.0145
1415.0823,-0.0823,0.018,,1401.2358,-0.2358,0.0128,,1375.0958,-0.0958,0.0366,,1190.1906,-0.1906,0.0053
1414.0958,-0.0958,0.0315,,1407.2318,-0.2318,0.0081,,1382.0469,-0.0469,0.0128,,1192.2092,-0.2092,0.0129
1417.0845,-0.0845,0.0199,,1408.2299,-0.2299,0.006,,1373.1344,-0.1344,0.0751,,1195.2365,-0.2365,0.0396
1428.0445,-0.0445,0.0212,,1411.2193,-0.2193,0.0049,,1385.0484,-0.0484,0.0117,,1197.224,-0.224,0.027
1424.0864,-0.0864,0.0209,,1413.2093,-0.2093,0.015,,1399.9871,0.0129,0.0744,,1198.2162,-0.2162,0.0191
1426.0747,-0.0747,0.009,,1430.1928,-0.1928,0.0336,,1387.0979,-0.0979,0.0371,,1204.2057,-0.2057,0.0079
1429.0632,-0.0632,0.0027,,1429.2193,-0.2193,0.0071,,1385.1174,-0.1174,0.0567,,1208.1954,-0.1954,0.0028
1433.0356,-0.0356,0.0306,,1431.2339,-0.2339,0.0071,,1390.0835,-0.0835,0.0224,,1216.2027,-0.2027,0.0034
1431.0967,-0.0967,0.0302,,1447.2351,-0.2351,0.0063,,1397.0785,-0.0785,0.0166,,1220.1894,-0.1894,0.0102
1440.0703,-0.0703,0.0028,,1445.2556,-0.2556,0.0269,,1395.1006,-0.1006,0.0387,,1225.1715,-0.1715,0.0287
1442.0786,-0.0786,0.0108,,1449.2289,-0.2289,0.0002,,1390.1422,-0.1422,0.0807,,1226.1987,-0.1987,0.0019
1441.0892,-0.0892,0.0214,,1463.2261,-0.2261,0.0047,,1393.1214,-0.1214,0.0597,,1225.2152,-0.2152,0.0147
1439.1192,-0.1192,0.0515,,1467.2354,-0.2354,0.004,,1411.037,-0.037,0.0264,,1229.2054,-0.2054,0.0045
1444.11,-0.11,0.0417,,1467.2376,-0.2376,0.0062,,1403.1268,-0.1268,0.0637,,1233.2149,-0.2149,0.0134
1449.1007,-0.1007,0.0318,,1473.2411,-0.2411,0.0089,,1408.0899,-0.0899,0.0264,,1233.2183,-0.2183,0.0167
1451.0893,-0.0893,0.0202,,1486.2231,-0.2231,0.0105,,1409.0841,-0.0841,0.0206,,1234.2135,-0.2135,0.0118
1453.0826,-0.0826,0.0133,,1485.2422,-0.2422,0.0085,,1416.0708,-0.0708,0.0065,,1236.2006,-0.2006,0.0012
1456.0663,-0.0663,0.0032,,1484.2576,-0.2576,0.0239,,1413.0977,-0.0977,0.0336,,1244.1388,-0.1388,0.0635
1455.0803,-0.0803,0.0108,,1492.2292,-0.2292,0.0053,,1415.0823,-0.0823,0.018,,1245.1545,-0.1545,0.0481
1467.024,-0.024,0.0466,,1504.2309,-0.2309,0.0051,,1414.0958,-0.0958,0.0315,,1239.2274,-0.2274,0.025
1467.0224,-0.0224,0.0482,,1502.2631,-0.2631,0.027,,1411.128,-0.128,0.0638,,1244.2265,-0.2265,0.0234
1457.1094,-0.1094,0.0394,,1513.2156,-0.2156,0.0214,,1417.0845,-0.0845,0.0199,,1247.2276,-0.2276,0.0242
1461.0841,-0.0841,0.0138,,1512.2432,-0.2432,0.006,,1428.0445,-0.0445,0.0212,,1251.2225,-0.2225,0.0187
1468.0407,-0.0407,0.0302,,1519.2194,-0.2194,0.0185,,1417.1295,-0.1295,0.0645,,1252.2368,-0.2368,0.0326
1469.0915,-0.0915,0.0201,,1521.23,-0.23,0.0082,,1424.0864,-0.0864,0.0209,,1257.2062,-0.2062,0.0017
1473.0901,-0.0901,0.0182,,1526.2167,-0.2167,0.022,,1426.0747,-0.0747,0.009,,1261.2047,-0.2047,0.0003
1468.128,-0.128,0.0564,,1526.2691,-0.2691,0.03,,1429.0632,-0.0632,0.0027,,1269.1515,-0.1515,0.054
1475.0983,-0.0983,0.0261,,1536.2411,-0.2411,0.0009,,1433.0356,-0.0356,0.0306,,1263.2199,-0.2199,0.0145
1483.0817,-0.0817,0.0085,,1552.2455,-0.2455,0.0033,,1421.1396,-0.1396,0.074,,1269.2243,-0.2243,0.0182
1492.068,-0.068,0.0062,,1554.2466,-0.2466,0.004,,1431.0967,-0.0967,0.0302,,1268.2435,-0.2435,0.0373
1496.0426,-0.0426,0.032,,1560.2374,-0.2374,0.0058,,1429.1309,-0.1309,0.0644,,1275.1956,-0.1956,0.0111
1499.0209,-0.0209,0.0539,,1563.2644,-0.2644,0.0206,,1440.0703,-0.0703,0.0028,,1279.2073,-0.2073,0
1488.1129,-0.1129,0.0388,,1570.2116,-0.2116,0.0326,,1434.132,-0.132,0.0648,,1278.2199,-0.2199,0.0126
1486.1328,-0.1328,0.0587,,1578.2501,-0.2501,0.0045,,1442.0786,-0.0786,0.0108,,1285.1773,-0.1773,0.0306
1498.0871,-0.0871,0.0119,,1588.214,-0.214,0.0326,,1441.0892,-0.0892,0.0214,,1280.2327,-0.2327,0.025
1496.1133,-0.1133,0.0381,,1587.2321,-0.2321,0.0145,,1439.1192,-0.1192,0.0515,,1281.2721,-0.2721,0.064
1511.0294,-0.0294,0.047,,1612.2188,-0.2188,0.0308,,1444.11,-0.11,0.0417,,1284.251,-0.251,0.0427
1514.029,-0.029,0.0477,,1608.2626,-0.2626,0.0132,,1449.1007,-0.1007,0.0318,,1295.2046,-0.2046,0.0047
1510.0761,-0.0761,0.0005,,1613.2235,-0.2235,0.0263,,1451.0893,-0.0893,0.0202,,1292.2403,-0.2403,0.0311
1509.0878,-0.0878,0.0111,,1615.2181,-0.2181,0.0319,,1453.0826,-0.0826,0.0133,,1306.1469,-0.1469,0.0633
1511.0801,-0.0801,0.0032,,1618.2167,-0.2167,0.0337,,1456.0663,-0.0663,0.0032,,1296.2343,-0.2343,0.0246
1504.1365,-0.1365,0.0601,,1627.2428,-0.2428,0.0089,,1455.0803,-0.0803,0.0108,,1302.2043,-0.2043,0.0059
1516.0966,-0.0966,0.019,,1630.2228,-0.2228,0.0292,,1467.024,-0.024,0.0466,,1298.2451,-0.2451,0.035
1514.1203,-0.1203,0.0427,,1629.2388,-0.2388,0.0131,,1467.0224,-0.0224,0.0482,,1312.22,-0.22,0.0084
1515.1167,-0.1167,0.039,,1645.2525,-0.2525,0.0016,,1457.1094,-0.1094,0.0394,,1310.255,-0.255,0.0434
1523.0666,-0.0666,0.0117,,1649.2296,-0.2296,0.0248,,1461.0841,-0.0841,0.0138,,1313.2461,-0.2461,0.0342
1519.0992,-0.0992,0.0212,,1655.2303,-0.2303,0.0249,,1468.0407,-0.0407,0.0302,,1316.224,-0.224,0.0119
1525.0823,-0.0823,0.0036,,1657.2257,-0.2257,0.0297,,1469.0915,-0.0915,0.0201,,1328.1411,-0.1411,0.0719
1528.0954,-0.0954,0.0162,,1663.2265,-0.2265,0.0296,,1464.1331,-0.1331,0.0619,,1320.2172,-0.2172,0.0046
1540.0346,-0.0346,0.0457,,1662.252,-0.252,0.0043,,1473.0901,-0.0901,0.0182,,1320.2203,-0.2203,0.0077
1530.1238,-0.1238,0.0441,,1665.2328,-0.2328,0.0237,,1468.128,-0.128,0.0564,,1322.2094,-0.2094,0.0034
1532.122,-0.122,0.0421,,1667.2291,-0.2291,0.0276,,1475.0983,-0.0983,0.0261,,1328.1823,-0.1823,0.031
1533.1166,-0.1166,0.0366,,1667.2329,-0.2329,0.0239,,1483.0817,-0.0817,0.0085,,1329.1815,-0.1815,0.032
1531.1335,-0.1335,0.0536,,1666.246,-0.246,0.0107,,1492.068,-0.068,0.0062,,1322.2473,-0.2473,0.0342
1534.113,-0.113,0.0328,,1682.256,-0.256,0.0028,,1496.0426,-0.0426,0.032,,1326.2299,-0.2299,0.0165
1544.0808,-0.0808,0.0004,,1684.2528,-0.2528,0.0062,,1499.0209,-0.0209,0.0539,,1338.1502,-0.1502,0.0641
1543.0925,-0.0925,0.0113,,1693.2303,-0.2303,0.0297,,1488.1129,-0.1129,0.0388,,1335.1794,-0.1794,0.0348
1550.1063,-0.1063,0.0241,,1690.2646,-0.2646,0.0047,,1486.1328,-0.1328,0.0587,,1328.2804,-0.2804,0.0663
1548.1255,-0.1255,0.0434,,1699.2589,-0.2589,0.0021,,1498.0871,-0.0871,0.0119,,1338.2244,-0.2244,0.0095
1552.1041,-0.1041,0.0217,,1710.2435,-0.2435,0.0188,,1496.1133,-0.1133,0.0381,,1337.2348,-0.2348,0.0199
1568.0356,-0.0356,0.0483,,1712.2395,-0.2395,0.0229,,1511.0294,-0.0294,0.047,,1343.1991,-0.1991,0.0163
1566.0535,-0.0535,0.0304,,1727.2436,-0.2436,0.0209,,1514.029,-0.029,0.0477,,1339.2542,-0.2542,0.0389
1568.0366,-0.0366,0.0473,,1726.2571,-0.2571,0.0073,,1510.0761,-0.0761,0.0005,,1348.2052,-0.2052,0.0109
1564.0736,-0.0736,0.0101,,1729.2606,-0.2606,0.0042,,1509.0878,-0.0878,0.0111,,1356.162,-0.162,0.0547
1562.0895,-0.0895,0.0059,,1732.2724,-0.2724,0.0072,,1511.0801,-0.0801,0.0032,,1361.1379,-0.1379,0.0793
1558.1236,-0.1236,0.0402,,1751.2564,-0.2564,0.0111,,1504.1365,-0.1365,0.0601,,1354.1999,-0.1999,0.0168
1557.1389,-0.1389,0.0555,,1748.2916,-0.2916,0.0241,,1516.0966,-0.0966,0.019,,1363.1448,-0.1448,0.0727
1559.126,-0.126,0.0425,,1754.2453,-0.2453,0.0226,,1514.1203,-0.1203,0.0427,,1346.2969,-0.2969,0.0804
1563.0952,-0.0952,0.0114,,1763.2562,-0.2562,0.0128,,1515.1167,-0.1167,0.039,,1373.1344,-0.1344,0.0843
1562.1294,-0.1294,0.0454,,1804.2618,-0.2618,0.0125,,1523.0666,-0.0666,0.0117,,1362.2313,-0.2313,0.0133
1569.0952,-0.0952,0.0107,,1806.2589,-0.2589,0.0156,,1519.0992,-0.0992,0.0212,,1366.21,-0.21,0.0084
1566.1354,-0.1354,0.0508,,1823.2769,-0.2769,0,,1525.0823,-0.0823,0.0036,,1365.2249,-0.2249,0.0065
1568.1283,-0.1283,0.0436,,,,,,1518.144,-0.144,0.0657,,1372.1896,-0.1896,0.0294
1576.0703,-0.0703,0.0149,,,,,,1528.0954,-0.0954,0.0162,,1373.221,-0.221,0.0016
1572.1108,-0.1108,0.0257,,,,,,1523.1488,-0.1488,0.0698,,1390.1422,-0.1422,0.0787
1569.1351,-0.1351,0.0502,,,,,,1540.0346,-0.0346,0.0457,,1387.1875,-0.1875,0.0334
1571.1238,-0.1238,0.0387,,,,,,1526.1509,-0.1509,0.0714,,1383.2338,-0.2338,0.0131
1576.11,-0.11,0.0244,,,,,,1530.1238,-0.1238,0.0441,,1382.2459,-0.2459,0.0252
1577.1061,-0.1061,0.0204,,,,,,1532.122,-0.122,0.0421,,1389.2194,-0.2194,0.002
1574.1364,-0.1364,0.0508,,,,,,1533.1166,-0.1166,0.0366,,1388.2298,-0.2298,0.0084
1578.1186,-0.1186,0.0326,,,,,,1531.1335,-0.1335,0.0536,,1398.1924,-0.1924,0.0299
1581.0978,-0.0978,0.0117,,,,,,1534.113,-0.113,0.0328,,1405.1956,-0.1956,0.0276
1580.137,-0.137,0.0506,,,,,,1544.0808,-0.0808,0.0004,,1403.2157,-0.2157,0.0074
1587.1105,-0.1105,0.0234,,,,,,1543.0925,-0.0925,0.0113,,1401.2358,-0.2358,0.0128
1584.1385,-0.1385,0.0516,,,,,,1550.1063,-0.1063,0.0241,,1407.2318,-0.2318,0.0081
1586.1323,-0.1323,0.0451,,,,,,1548.1255,-0.1255,0.0434,,1408.2299,-0.2299,0.006
1588.1195,-0.1195,0.0323,,,,,,1552.1041,-0.1041,0.0217,,1411.2193,-0.2193,0.0049
1598.0589,-0.0589,0.0292,,,,,,1550.1504,-0.1504,0.0678,,1413.2093,-0.2093,0.015
1595.1136,-0.1136,0.0255,,,,,,1568.0356,-0.0356,0.0483,,1430.1928,-0.1928,0.0336
1592.1394,-0.1394,0.0514,,,,,,1566.0535,-0.0535,0.0304,,1429.2193,-0.2193,0.0071
1593.135,-0.135,0.0469,,,,,,1568.0366,-0.0366,0.0473,,1434.1846,-0.1846,0.0422
1597.1174,-0.1174,0.0289,,,,,,1564.0736,-0.0736,0.0101,,1431.2339,-0.2339,0.0071
1599.1037,-0.1037,0.0151,,,,,,1572.0119,-0.0119,0.0723,,1430.2656,-0.2656,0.0386
1605.0909,-0.0909,0.0017,,,,,,1562.0895,-0.0895,0.0059,,1455.1554,-0.1554,0.0738
1609.089,-0.089,0.0008,,,,,,1553.1597,-0.1597,0.0766,,1447.2351,-0.2351,0.0063
1611.1387,-0.1387,0.0482,,,,,,1558.1236,-0.1236,0.0402,,1445.2556,-0.2556,0.0269
1621.0684,-0.0684,0.0227,,,,,,1557.1389,-0.1389,0.0555,,1449.2289,-0.2289,0.0002
1617.1116,-0.1116,0.0206,,,,,,1559.126,-0.126,0.0425,,1443.2981,-0.2981,0.0693
1615.1298,-0.1298,0.0389,,,,,,1563.0952,-0.0952,0.0114,,1447.3099,-0.3099,0.0805
1614.1486,-0.1486,0.0577,,,,,,1555.1656,-0.1656,0.0822,,1463.2261,-0.2261,0.0047
1622.0998,-0.0998,0.0082,,,,,,1562.1294,-0.1294,0.0454,,1467.2354,-0.2354,0.004
1627.0923,-0.0923,0.0001,,,,,,1569.0952,-0.0952,0.0107,,1467.2376,-0.2376,0.0062
1625.1208,-0.1208,0.0287,,,,,,1566.1354,-0.1354,0.0508,,1477.1734,-0.1734,0.0588
1636.0779,-0.0779,0.0153,,,,,,1568.1283,-0.1283,0.0436,,1479.1922,-0.1922,0.0403
1633.1114,-0.1114,0.0183,,,,,,1576.0703,-0.0703,0.0149,,1473.2411,-0.2411,0.0089
1632.1213,-0.1213,0.0283,,,,,,1572.1108,-0.1108,0.0257,,1486.2231,-0.2231,0.0105
1631.1362,-0.1362,0.0432,,,,,,1569.1351,-0.1351,0.0502,,1485.2422,-0.2422,0.0085
1637.1443,-0.1443,0.0503,,,,,,1571.1238,-0.1238,0.0387,,1484.2576,-0.2576,0.0239
1650.0504,-0.0504,0.0444,,,,,,1576.11,-0.11,0.0244,,1495.1722,-0.1722,0.0622
1645.098,-0.098,0.0035,,,,,,1577.1061,-0.1061,0.0204,,1492.2292,-0.2292,0.0053
1643.1184,-0.1184,0.0239,,,,,,1574.1364,-0.1364,0.0508,,1508.1645,-0.1645,0.0715
1642.1331,-0.1331,0.0386,,,,,,1578.1186,-0.1186,0.0326,,1504.2309,-0.2309,0.0051
1654.0841,-0.0841,0.0115,,,,,,1581.0978,-0.0978,0.0117,,1502.2631,-0.2631,0.027
1649.14,-0.14,0.0445,,,,,,1580.137,-0.137,0.0506,,1501.2726,-0.2726,0.0366
1652.1318,-0.1318,0.036,,,,,,1587.1105,-0.1105,0.0234,,1499.293,-0.293,0.0571
1662.085,-0.085,0.0116,,,,,,1584.1385,-0.1385,0.0516,,1513.2156,-0.2156,0.0214
1659.1213,-0.1213,0.0247,,,,,,1583.1538,-0.1538,0.0669,,1512.2432,-0.2432,0.006
1657.1449,-0.1449,0.0484,,,,,,1586.1323,-0.1323,0.0451,,1519.2194,-0.2194,0.0185
1660.1243,-0.1243,0.0276,,,,,,1588.1195,-0.1195,0.0323,,1521.23,-0.23,0.0082
1669.125,-0.125,0.0271,,,,,,1598.0589,-0.0589,0.0292,,1526.2167,-0.2167,0.022
1667.145,-0.145,0.0471,,,,,,1587.152,-0.152,0.0645,,1516.3074,-0.3074,0.0692
1676.0927,-0.0927,0.0058,,,,,,1595.1136,-0.1136,0.0255,,1526.2691,-0.2691,0.03
1683.0549,-0.0549,0.0442,,,,,,1592.1394,-0.1394,0.0514,,1536.2411,-0.2411,0.0009
1685.0585,-0.0585,0.041,,,,,,1593.135,-0.135,0.0469,,1553.1597,-0.1597,0.082
1677.1257,-0.1257,0.0267,,,,,,1591.1628,-0.1628,0.0748,,1555.1656,-0.1656,0.0764
1678.1209,-0.1209,0.0218,,,,,,1597.1174,-0.1174,0.0289,,1552.2455,-0.2455,0.0033
1675.1476,-0.1476,0.0487,,,,,,1599.1037,-0.1037,0.0151,,1554.2466,-0.2466,0.004
1676.1395,-0.1395,0.0405,,,,,,1605.0909,-0.0909,0.0017,,1560.2374,-0.2374,0.0058
1680.1353,-0.1353,0.0359,,,,,,1609.089,-0.089,0.0008,,1563.2644,-0.2644,0.0206
1685.1168,-0.1168,0.0168,,,,,,1601.1537,-0.1537,0.0644,,1570.2094,-0.2094,0.0348
1687.1019,-0.1019,0.0018,,,,,,1607.1554,-0.1554,0.0653,,1570.2116,-0.2116,0.0326
1686.1459,-0.1459,0.0456,,,,,,1611.1387,-0.1387,0.0482,,1584.1846,-0.1846,0.0612
1700.0814,-0.0814,0.0202,,,,,,1621.0684,-0.0684,0.0227,,1578.2501,-0.2501,0.0045
1695.1315,-0.1315,0.0301,,,,,,1617.1116,-0.1116,0.0206,,1591.1628,-0.1628,0.0837
1693.1526,-0.1526,0.0513,,,,,,1615.1298,-0.1298,0.0389,,1588.214,-0.214,0.0326
1694.1456,-0.1456,0.0442,,,,,,1612.1571,-0.1571,0.0664,,1587.2321,-0.2321,0.0145
1707.0547,-0.0547,0.0476,,,,,,1614.1486,-0.1486,0.0577,,1596.2035,-0.2035,0.044
1698.1416,-0.1416,0.0397,,,,,,1622.0998,-0.0998,0.0082,,1598.2028,-0.2028,0.0449
1704.1491,-0.1491,0.0464,,,,,,1627.0923,-0.0923,0.0001,,1612.2188,-0.2188,0.0308
1719.0814,-0.0814,0.0227,,,,,,1625.1208,-0.1208,0.0287,,1608.2626,-0.2626,0.0132
1713.1342,-0.1342,0.0304,,,,,,1621.1566,-0.1566,0.0647,,1613.2235,-0.2235,0.0263
1717.1123,-0.1123,0.0082,,,,,,1636.0779,-0.0779,0.0153,,1615.2181,-0.2181,0.0319
1711.16,-0.16,0.0563,,,,,,1633.1114,-0.1114,0.0183,,1618.2167,-0.2167,0.0337
1715.1332,-0.1332,0.0291,,,,,,1632.1213,-0.1213,0.0283,,1627.2428,-0.2428,0.0089
1727.0516,-0.0516,0.0533,,,,,,1628.1547,-0.1547,0.0619,,1630.2228,-0.2228,0.0292
1716.1431,-0.1431,0.0389,,,,,,1631.1362,-0.1362,0.0432,,1629.2388,-0.2388,0.0131
1719.1287,-0.1287,0.0242,,,,,,1632.1549,-0.1549,0.0615,,1646.2142,-0.2142,0.0397
1731.0447,-0.0447,0.0607,,,,,,1637.1443,-0.1443,0.0503,,1653.1724,-0.1724,0.082
1721.1355,-0.1355,0.0307,,,,,,1650.0504,-0.0504,0.0444,,1645.2525,-0.2525,0.0016
1733.0611,-0.0611,0.0447,,,,,,1645.098,-0.098,0.0035,,1649.2296,-0.2296,0.0248
1725.1287,-0.1287,0.0234,,,,,,1643.1184,-0.1184,0.0239,,1641.3147,-0.3147,0.0606
1726.139,-0.139,0.0334,,,,,,1642.1331,-0.1331,0.0386,,1655.2303,-0.2303,0.0249
1727.1497,-0.1497,0.0439,,,,,,1654.0841,-0.0841,0.0115,,1658.211,-0.211,0.0444
1728.1568,-0.1568,0.0509,,,,,,1649.14,-0.14,0.0445,,1657.2257,-0.2257,0.0297
1736.0982,-0.0982,0.0083,,,,,,1652.1318,-0.1318,0.036,,1663.2265,-0.2265,0.0296
1733.137,-0.137,0.0306,,,,,,1662.085,-0.085,0.0116,,1662.252,-0.252,0.0043
1732.1492,-0.1492,0.0428,,,,,,1659.1213,-0.1213,0.0247,,1665.2328,-0.2328,0.0237
1749.0485,-0.0485,0.0593,,,,,,1653.1724,-0.1724,0.0762,,1673.1743,-0.1743,0.0827
1739.1429,-0.1429,0.0357,,,,,,1657.1449,-0.1449,0.0484,,1667.2291,-0.2291,0.0276
1738.1579,-0.1579,0.0507,,,,,,1660.1243,-0.1243,0.0276,,1667.2329,-0.2329,0.0239
1744.1282,-0.1282,0.0204,,,,,,1669.125,-0.125,0.0271,,1666.246,-0.246,0.0107
1748.1238,-0.1238,0.0155,,,,,,1667.145,-0.145,0.0471,,1658.3402,-0.3402,0.0837
1746.1607,-0.1607,0.0523,,,,,,1676.0927,-0.0927,0.0058,,1682.256,-0.256,0.0028
1750.1532,-0.1532,0.0444,,,,,,1683.0549,-0.0549,0.0442,,1684.2528,-0.2528,0.0062
1758.0968,-0.0968,0.0125,,,,,,1685.0585,-0.0585,0.041,,1691.2058,-0.2058,0.0537
1754.1308,-0.1308,0.0217,,,,,,1677.1257,-0.1257,0.0267,,1693.2303,-0.2303,0.0297
1755.1325,-0.1325,0.0233,,,,,,1678.1209,-0.1209,0.0218,,1695.2216,-0.2216,0.0386
1752.1627,-0.1627,0.0536,,,,,,1675.1476,-0.1476,0.0487,,1690.2646,-0.2646,0.0047
1753.1549,-0.1549,0.0457,,,,,,1676.1395,-0.1395,0.0405,,1699.2589,-0.2589,0.0021
1764.0882,-0.0882,0.0219,,,,,,1673.1743,-0.1743,0.0755,,1710.2435,-0.2435,0.0188
1754.1666,-0.1666,0.0572,,,,,,1680.1353,-0.1353,0.0359,,1712.2395,-0.2395,0.0229
1762.1082,-0.1082,0.0018,,,,,,1685.1168,-0.1168,0.0168,,1727.2436,-0.2436,0.0209
1760.1338,-0.1338,0.0239,,,,,,1687.1019,-0.1019,0.0018,,1726.2571,-0.2571,0.0073
1770.0998,-0.0998,0.0112,,,,,,1686.1459,-0.1459,0.0456,,1729.2606,-0.2606,0.0042
1766.1351,-0.1351,0.0244,,,,,,1700.0814,-0.0814,0.0202,,1732.2724,-0.2724,0.0072
1764.1626,-0.1626,0.0519,,,,,,1695.1315,-0.1315,0.0301,,1756.2125,-0.2125,0.0554
1771.1303,-0.1303,0.0189,,,,,,1693.1526,-0.1526,0.0513,,1751.2564,-0.2564,0.0111
1768.159,-0.159,0.0479,,,,,,1694.1456,-0.1456,0.0442,,1748.2916,-0.2916,0.0241
1774.1426,-0.1426,0.0308,,,,,,1707.0547,-0.0547,0.0476,,1754.2453,-0.2453,0.0226
1772.1664,-0.1664,0.0546,,,,,,1698.1416,-0.1416,0.0397,,1766.1895,-0.1895,0.0794
1778.1395,-0.1395,0.0271,,,,,,1699.1749,-0.1749,0.0726,,1763.2562,-0.2562,0.0128
1783.1054,-0.1054,0.0072,,,,,,1704.1491,-0.1491,0.0464,,1785.2155,-0.2155,0.056
1776.1702,-0.1702,0.0579,,,,,,1719.0814,-0.0814,0.0227,,1799.1896,-0.1896,0.0836
1786.1228,-0.1228,0.0096,,,,,,1713.1342,-0.1342,0.0304,,1804.2618,-0.2618,0.0125
1795.0639,-0.0639,0.05,,,,,,1717.1123,-0.1123,0.0082,,1806.2589,-0.2589,0.0156
1782.1712,-0.1712,0.058,,,,,,1711.16,-0.16,0.0563,,1822.2056,-0.2056,0.0705
1786.1603,-0.1603,0.0467,,,,,,1715.1332,-0.1332,0.0291,,1823.2769,-0.2769,0
1788.154,-0.154,0.0402,,,,,,1727.0516,-0.0516,0.0533,,,,
1792.1496,-0.1496,0.0353,,,,,,1716.1431,-0.1431,0.0389,,,,
1791.1708,-0.1708,0.0565,,,,,,1719.1287,-0.1287,0.0242,,,,
1796.1432,-0.1432,0.0285,,,,,,1731.0433,-0.0433,0.0621,,,,
1800.1758,-0.1758,0.0602,,,,,,1731.0447,-0.0447,0.0607,,,,
1804.148,-0.148,0.0321,,,,,,1721.1355,-0.1355,0.0307,,,,
1807.1428,-0.1428,0.0267,,,,,,1733.0611,-0.0611,0.0447,,,,
1809.1346,-0.1346,0.0183,,,,,,1718.1761,-0.1761,0.0713,,,,
1806.1618,-0.1618,0.0456,,,,,,1725.1287,-0.1287,0.0234,,,,
1805.1779,-0.1779,0.0617,,,,,,1726.139,-0.139,0.0334,,,,
1815.104,-0.104,0.0129,,,,,,1727.1497,-0.1497,0.0439,,,,
1813.1272,-0.1272,0.0104,,,,,,1728.1568,-0.1568,0.0509,,,,
1820.088,-0.088,0.0294,,,,,,1736.0982,-0.0982,0.0083,,,,
1809.1731,-0.1731,0.0565,,,,,,1733.137,-0.137,0.0306,,,,
1821.0906,-0.0906,0.0269,,,,,,1732.1492,-0.1492,0.0428,,,,
1818.1515,-0.1515,0.0338,,,,,,1749.0485,-0.0485,0.0593,,,,
1830.0778,-0.0778,0.0408,,,,,,1739.1429,-0.1429,0.0357,,,,
1830.0798,-0.0798,0.0388,,,,,,1738.1579,-0.1579,0.0507,,,,
1821.1524,-0.1524,0.0343,,,,,,1744.1282,-0.1282,0.0204,,,,
1823.1416,-0.1416,0.0234,,,,,,1748.1238,-0.1238,0.0155,,,,
1824.1633,-0.1633,0.0447,,,,,,1744.1704,-0.1704,0.0622,,,,
1823.1772,-0.1772,0.0586,,,,,,1746.1607,-0.1607,0.0523,,,,
1835.1062,-0.1062,0.0133,,,,,,1750.1532,-0.1532,0.0444,,,,
1838.0924,-0.0924,0.0274,,,,,,1758.0968,-0.0968,0.0125,,,,
1829.1685,-0.1685,0.0492,,,,,,1754.1308,-0.1308,0.0217,,,,
1837.1195,-0.1195,0.0004,,,,,,1755.1325,-0.1325,0.0233,,,,
1833.1659,-0.1659,0.0462,,,,,,1752.1627,-0.1627,0.0536,,,,
1841.1114,-0.1114,0.0089,,,,,,1753.1549,-0.1549,0.0457,,,,
1848.0841,-0.0841,0.0369,,,,,,1764.0882,-0.0882,0.0219,,,,
1847.1007,-0.1007,0.0203,,,,,,1754.1666,-0.1666,0.0572,,,,
1838.1764,-0.1764,0.0558,,,,,,1762.1082,-0.1082,0.0018,,,,
1843.144,-0.144,0.0231,,,,,,1760.1338,-0.1338,0.0239,,,,
1854.0912,-0.0912,0.0306,,,,,,1770.0998,-0.0998,0.0112,,,,
1847.1735,-0.1735,0.0519,,,,,,1766.1351,-0.1351,0.0244,,,,
1854.1321,-0.1321,0.0099,,,,,,1764.1626,-0.1626,0.0519,,,,
1855.1242,-0.1242,0.0019,,,,,,1763.1819,-0.1819,0.0712,,,,
1863.0904,-0.0904,0.0326,,,,,,1771.1303,-0.1303,0.0189,,,,
1857.155,-0.155,0.0322,,,,,,1768.159,-0.159,0.0479,,,,
1865.1046,-0.1046,0.0188,,,,,,1766.1895,-0.1895,0.0783,,,,
1861.1472,-0.1472,0.0239,,,,,,1774.1426,-0.1426,0.0308,,,,
1863.1663,-0.1663,0.0426,,,,,,1772.1664,-0.1664,0.0546,,,,
1875.0865,-0.0865,0.038,,,,,,1778.1395,-0.1395,0.0271,,,,
1873.1067,-0.1067,0.0177,,,,,,1783.1054,-0.1054,0.0072,,,,
1877.1012,-0.1012,0.0238,,,,,,1776.1702,-0.1702,0.0579,,,,
1872.1451,-0.1451,0.0204,,,,,,1786.1228,-0.1228,0.0096,,,,
1880.0989,-0.0989,0.0264,,,,,,1795.0639,-0.0639,0.05,,,,
1881.0964,-0.0964,0.0291,,,,,,1782.1712,-0.1712,0.058,,,,
1873.1614,-0.1614,0.0365,,,,,,1781.1856,-0.1856,0.0725,,,,
1879.1154,-0.1154,0.01,,,,,,1786.1603,-0.1603,0.0467,,,,
1875.1575,-0.1575,0.0323,,,,,,1788.154,-0.154,0.0402,,,,
1882.1192,-0.1192,0.0066,,,,,,1792.1496,-0.1496,0.0353,,,,
1884.1045,-0.1045,0.0214,,,,,,1791.1708,-0.1708,0.0565,,,,
1881.1297,-0.1297,0.0039,,,,,,1796.1432,-0.1432,0.0285,,,,
1879.1515,-0.1515,0.0259,,,,,,1794.1818,-0.1818,0.067,,,,
1886.119,-0.119,0.0073,,,,,,1800.1758,-0.1758,0.0602,,,,
1892.0913,-0.0913,0.0356,,,,,,1804.148,-0.148,0.0321,,,,
1893.0904,-0.0904,0.0366,,,,,,1799.1896,-0.1896,0.074,,,,
1889.1328,-0.1328,0.006,,,,,,1807.1428,-0.1428,0.0267,,,,
1892.1289,-0.1289,0.0017,,,,,,1809.1346,-0.1346,0.0183,,,,
1893.126,-0.126,0.0013,,,,,,1806.1618,-0.1618,0.0456,,,,
1889.1687,-0.1687,0.0415,,,,,,1805.1779,-0.1779,0.0617,,,,
1896.1193,-0.1193,0.0083,,,,,,1815.104,-0.104,0.0129,,,,
1897.1205,-0.1205,0.0073,,,,,,1813.1272,-0.1272,0.0104,,,,
1893.1624,-0.1624,0.0348,,,,,,1806.1884,-0.1884,0.0719,,,,
1892.1795,-0.1795,0.0519,,,,,,1820.088,-0.088,0.0294,,,,
1896.1541,-0.1541,0.0261,,,,,,1809.1731,-0.1731,0.0565,,,,
1902.1071,-0.1071,0.0212,,,,,,1821.0906,-0.0906,0.0269,,,,
1905.085,-0.085,0.0435,,,,,,1818.1515,-0.1515,0.0338,,,,
1900.1298,-0.1298,0.0016,,,,,,1830.0778,-0.0778,0.0408,,,,
1906.104,-0.104,0.0248,,,,,,1830.0798,-0.0798,0.0388,,,,
1901.1457,-0.1457,0.0172,,,,,,1821.1524,-0.1524,0.0343,,,,
1907.1001,-0.1001,0.0288,,,,,,1823.1416,-0.1416,0.0234,,,,
1902.1414,-0.1414,0.0128,,,,,,1824.1633,-0.1633,0.0447,,,,
1907.1371,-0.1371,0.0079,,,,,,1823.1772,-0.1772,0.0586,,,,
1906.1544,-0.1544,0.0252,,,,,,1835.1062,-0.1062,0.0133,,,,
1914.1404,-0.1404,0.0102,,,,,,1838.0924,-0.0924,0.0274,,,,
1915.1432,-0.1432,0.0129,,,,,,1829.1685,-0.1685,0.0492,,,,
1910.1833,-0.1833,0.0533,,,,,,1837.1195,-0.1195,0.0004,,,,
1923.0904,-0.0904,0.0405,,,,,,1833.1659,-0.1659,0.0462,,,,
1921.1109,-0.1109,0.0199,,,,,,1841.1114,-0.1114,0.0089,,,,
1922.1058,-0.1058,0.0251,,,,,,1848.0841,-0.0841,0.0369,,,,
1925.1033,-0.1033,0.0279,,,,,,1847.1007,-0.1007,0.0203,,,,
1920.146,-0.146,0.0151,,,,,,1838.1764,-0.1764,0.0558,,,,
1924.118,-0.118,0.0133,,,,,,1843.144,-0.144,0.0231,,,,
1927.0975,-0.0975,0.034,,,,,,1854.0912,-0.0912,0.0306,,,,
1927.099,-0.099,0.0325,,,,,,1847.1735,-0.1735,0.0519,,,,
1920.1657,-0.1657,0.0346,,,,,,1846.1897,-0.1897,0.0681,,,,
1926.1354,-0.1354,0.0037,,,,,,1854.1321,-0.1321,0.0099,,,,
1924.1581,-0.1581,0.0265,,,,,,1855.1242,-0.1242,0.0019,,,,
1933.1074,-0.1074,0.0249,,,,,,1850.186,-0.186,0.0638,,,,
1933.1438,-0.1438,0.0111,,,,,,1863.0904,-0.0904,0.0326,,,,
1934.1379,-0.1379,0.0052,,,,,,1857.155,-0.155,0.0322,,,,
1937.1328,-0.1328,0.0003,,,,,,1865.1046,-0.1046,0.0188,,,,
1938.1322,-0.1322,0.0011,,,,,,1861.1472,-0.1472,0.0239,,,,
1944.0985,-0.0985,0.0352,,,,,,1863.1663,-0.1663,0.0426,,,,
1945.1037,-0.1037,0.0302,,,,,,1875.0865,-0.0865,0.038,,,,
1944.12,-0.12,0.0139,,,,,,1873.1067,-0.1067,0.0177,,,,
1938.1682,-0.1682,0.0346,,,,,,1877.1012,-0.1012,0.0238,,,,
1950.0923,-0.0923,0.0422,,,,,,1872.1451,-0.1451,0.0204,,,,
1948.1129,-0.1129,0.0215,,,,,,1880.0989,-0.0989,0.0264,,,,
1944.1563,-0.1563,0.0221,,,,,,1881.0964,-0.0964,0.0291,,,,
1951.1115,-0.1115,0.0232,,,,,,1873.1614,-0.1614,0.0365,,,,
1952.1062,-0.1062,0.0287,,,,,,1879.1154,-0.1154,0.01,,,,
1950.1308,-0.1308,0.004,,,,,,1875.1575,-0.1575,0.0323,,,,
1948.1501,-0.1501,0.0155,,,,,,1882.1192,-0.1192,0.0066,,,,
1953.1219,-0.1219,0.0132,,,,,,1884.1045,-0.1045,0.0214,,,,
1952.1438,-0.1438,0.0087,,,,,,1881.1297,-0.1297,0.0039,,,,
1950.162,-0.162,0.027,,,,,,1879.1515,-0.1515,0.0259,,,,
1951.1586,-0.1586,0.0234,,,,,,1886.119,-0.119,0.0073,,,,
1957.1295,-0.1295,0.0062,,,,,,1892.0913,-0.0913,0.0356,,,,
1955.1534,-0.1534,0.0178,,,,,,1893.0904,-0.0904,0.0366,,,,
1962.1131,-0.1131,0.0231,,,,,,1879.2065,-0.2065,0.0803,,,,
1960.1464,-0.1464,0.0101,,,,,,1889.1328,-0.1328,0.006,,,,
1963.1464,-0.1464,0.0098,,,,,,1892.1289,-0.1289,0.0017,,,,
1973.0893,-0.0893,0.0482,,,,,,1893.126,-0.126,0.0013,,,,
1970.1457,-0.1457,0.0082,,,,,,1889.1687,-0.1687,0.0415,,,,
1974.1196,-0.1196,0.0182,,,,,,1896.1193,-0.1193,0.0083,,,,
1972.142,-0.142,0.0042,,,,,,1897.1205,-0.1205,0.0073,,,,
1978.1141,-0.1141,0.0242,,,,,,1893.1624,-0.1624,0.0348,,,,
1978.1503,-0.1503,0.0117,,,,,,1892.1795,-0.1795,0.0519,,,,
1983.1386,-0.1386,0.0006,,,,,,1896.1541,-0.1541,0.0261,,,,
1990.11,-0.11,0.0298,,,,,,1902.1071,-0.1071,0.0212,,,,
1986.1528,-0.1528,0.0131,,,,,,1905.085,-0.085,0.0435,,,,
2004.1209,-0.1209,0.0208,,,,,,1900.1298,-0.1298,0.0016,,,,
2006.1359,-0.1359,0.0062,,,,,,1906.104,-0.104,0.0248,,,,
2055.1483,-0.1483,0.0004,,,,,,1901.1457,-0.1457,0.0172,,,,
2055.1487,-0.1487,0,,,,,,1907.1001,-0.1001,0.0288,,,,
,,,,,,,,1902.1414,-0.1414,0.0128,,,,
,,,,,,,,1907.1371,-0.1371,0.0079,,,,
,,,,,,,,1906.1544,-0.1544,0.0252,,,,
,,,,,,,,1914.1404,-0.1404,0.0102,,,,
,,,,,,,,1915.1432,-0.1432,0.0129,,,,
,,,,,,,,1910.1833,-0.1833,0.0533,,,,
,,,,,,,,1923.0904,-0.0904,0.0405,,,,
,,,,,,,,1921.1109,-0.1109,0.0199,,,,
,,,,,,,,1922.1058,-0.1058,0.0251,,,,
,,,,,,,,1925.1033,-0.1033,0.0279,,,,
,,,,,,,,1920.146,-0.146,0.0151,,,,
,,,,,,,,1924.118,-0.118,0.0133,,,,
,,,,,,,,1927.0975,-0.0975,0.034,,,,
,,,,,,,,1927.099,-0.099,0.0325,,,,
,,,,,,,,1920.1657,-0.1657,0.0346,,,,
,,,,,,,,1926.1354,-0.1354,0.0037,,,,
,,,,,,,,1924.1581,-0.1581,0.0265,,,,
,,,,,,,,1933.1074,-0.1074,0.0249,,,,
,,,,,,,,1933.1438,-0.1438,0.0111,,,,
,,,,,,,,1934.1379,-0.1379,0.0052,,,,
,,,,,,,,1937.1328,-0.1328,0.0003,,,,
,,,,,,,,1938.1322,-0.1322,0.0011,,,,
,,,,,,,,1944.0985,-0.0985,0.0352,,,,
,,,,,,,,1945.1037,-0.1037,0.0302,,,,
,,,,,,,,1944.12,-0.12,0.0139,,,,
,,,,,,,,1938.1682,-0.1682,0.0346,,,,
,,,,,,,,1950.0923,-0.0923,0.0422,,,,
,,,,,,,,1948.1129,-0.1129,0.0215,,,,
,,,,,,,,1944.1563,-0.1563,0.0221,,,,
,,,,,,,,1951.1115,-0.1115,0.0232,,,,
,,,,,,,,1952.1062,-0.1062,0.0287,,,,
,,,,,,,,1950.1308,-0.1308,0.004,,,,
,,,,,,,,1948.1501,-0.1501,0.0155,,,,
,,,,,,,,1953.1219,-0.1219,0.0132,,,,
,,,,,,,,1952.1438,-0.1438,0.0087,,,,
,,,,,,,,1950.162,-0.162,0.027,,,,
,,,,,,,,1951.1586,-0.1586,0.0234,,,,
,,,,,,,,1957.1295,-0.1295,0.0062,,,,
,,,,,,,,1955.1534,-0.1534,0.0178,,,,
,,,,,,,,1962.1131,-0.1131,0.0231,,,,
,,,,,,,,1960.1464,-0.1464,0.0101,,,,
,,,,,,,,1963.1464,-0.1464,0.0098,,,,
,,,,,,,,1973.0893,-0.0893,0.0482,,,,
,,,,,,,,1970.1457,-0.1457,0.0082,,,,
,,,,,,,,1974.1196,-0.1196,0.0182,,,,
,,,,,,,,1972.142,-0.142,0.0042,,,,
,,,,,,,,1978.1141,-0.1141,0.0242,,,,
,,,,,,,,1978.1503,-0.1503,0.0117,,,,
,,,,,,,,1983.1386,-0.1386,0.0006,,,,
,,,,,,,,1990.11,-0.11,0.0298,,,,
,,,,,,,,1986.1528,-0.1528,0.0131,,,,
,,,,,,,,2004.1209,-0.1209,0.0208,,,,
,,,,,,,,2006.1359,-0.1359,0.0062,,,,
,,,,,,,,2055.1483,-0.1483,0.0004,,,,
,,,,,,,,2055.1487,-0.1487,0,,,,